{
    "arabica": [
        {
            "foto": "images/produk/product_capuchino.jpg",
            "nama": "Cappuccino Arabica",
            "size": "500 Gram",
            "harga": "200.000",
            "link": "https://www.google.com/search?q=cappuccino+arabica&tbm=shop"
        },
        {
            "foto": "images/produk/product_espresso.jpg",
            "nama": "Pahit Arabica",
            "size": "100 Gram",
            "harga": "100.000",
            "link": "https://www.google.com/search?q=pahit+arabica&tbm=shop"
        },
        {
            "foto": "images/produk/product_latte.jpg",
            "nama": "Latte Arabica",
            "size": "150 Gram",
            "harga": "150.000",
            "link": "https://www.google.com/search?q=latte+arabica&tbm=shop"
        }
    ],
    "robusta": [
        {
            "foto": "images/produk/product_kopi_susu.jpg",
            "nama": "Kopsus Robusta",
            "size": "100 Gram",
            "harga": "500.000",
            "link": "https://www.google.com/search?q=kopi+susu+robusta&tbm=shop"
        },
        {
            "foto": "images/produk/product_latte.jpg",
            "nama": "Latte Robusta",
            "size": "150 Gram",
            "harga": "150.000",
            "link": "https://www.google.com/search?q=latte+robusta&tbm=shop"
        }
    ],
    
    "nonkopi": [
        {
            "foto": "https://cdn1-production-images-kly.akamaized.net/JzS3bNi0N7jszx_dDUJthhW-byc=/0x112:2046x1264/469x260/filters:quality(75):strip_icc():format(webp)/kly-media-production/medias/3119580/original/014357000_1588647564-es_serut_pelangi.jpg",
            "nama": "Es Serut",
            "size": "100 Gram",
            "harga": "30.000",
            "link": "https://www.google.com/search?q=es+serut&tbm=shop"
        },
        {
            "foto": "https://encrypted-tbn0.gstatic.com/images?q=tbn:ANd9GcTmFnKs1YARruh-WGcMQoW5PQxc03MfGBETNzPZ1ZOWJfUmzDIMpkCtOLoq&s=10",
            "nama": "Es Cendol",
            "size": "150 Gram",
            "harga": "35.000",
            "link": "https://www.google.com/search?q=es+cendol&tbm=shop"
        }
   
]

